Movie,Year,Car,Model
Dr. No,1962,Sunbeam,Alpine
From Russia with Love,1963,Bentley,Mark IV
Goldfinger,1964,Aston Martin,DB5
Thunderball,1965,Aston Martin,DB5
You Only Live Twice,1967,Toyota,2000 GT
On Her Majesty's Secret Service,1969,Aston Martin,DBS
On Her Majesty's Secret Service,1969,Mercury,Cougar
Diamonds Are Forever,1971,Ford,Mustang
The Man with the Golden Gun,1974,AMC,Hornet
The Spy Who Loved Me,1977,Lotus,Esprit
For Your Eyes Only,1981,Lotus,Esprit Turbo
For Your Eyes Only,1981,Citroen,2CV
Octopussy,1983,Bajaj,RE
A View to a Kill,1985,Renault,Taxi
A View to a Kill,1985,Rolls Royce,Silver Cloud II
The Living Daylights,1987,Aston Martin,V8
Goldeneye,1995,Aston Martin,DB5
Goldeneye,1995,BMW,Z3
Tomorrow Never Dies,1997,BMW,750iL
The World Is Not Enough,1999,BMW,Z8
Die Another Day,2002,Aston Martin,V12 Vanquish
Casino Royale,2006,Aston Martin,DBS V12
Casino Royale,2006,Ford,Mondeo
Quantum of Solace,2008,Aston Martin,DBS V12
Skyfall,2012,Aston Martin,DB5
Spectre,2015,Aston Martin,DB10


