"title","genres","countries"
"Avatar","Action, Adventure, Fantasy, Sci-Fi","UK, USA"
"Spectre","Action, Adventure, Thriller","UK, USA"
"The Dark Knight Rises","Action, Thriller","UK, USA"
"John Carter","Action, Adventure, Sci-Fi","USA"
"Tangled","Animation, Adventure, Comedy, Family, Fantasy, Musical, Romance","USA"
"Avengers: Age of Ultron","Action, Adventure, Sci-Fi","USA"
"Harry Potter and the Half-Blood Prince","Adventure, Family, Fantasy, Mystery","UK, USA"
"Batman v Superman: Dawn of Justice","Action, Adventure, Fantasy, Sci-Fi","USA"
"Quantum of Solace","Action, Adventure, Thriller","UK, USA"
"The Lone Ranger","Action, Adventure, Western","USA"
"Man of Steel","Action, Adventure, Fantasy, Sci-Fi","USA, UK"
"The Chronicles of Narnia: Prince Caspian","Action, Adventure, Family, Fantasy","USA, Poland, Slovenia, Czech Republic"
"Pirates of the Caribbean: On Stranger Tides","Action, Adventure, Fantasy","USA, UK"
"The Hobbit: The Battle of the Five Armies","Adventure, Fantasy","New Zealand, USA"
"The Amazing Spider-Man","Action, Adventure, Sci-Fi","USA"
"Robin Hood","Action, Adventure, Drama, History, Romance","USA, UK"
"The Hobbit: The Desolation of Smaug","Adventure, Fantasy","USA, New Zealand"
"Captain America: Civil War","Action, Adventure, Sci-Fi","USA, Germany"
"Battleship","Action, Adventure, Sci-Fi, Thriller","USA"
"Jurassic World","Action, Adventure, Sci-Fi","USA"
"Skyfall","Action, Adventure, Thriller","UK, USA"
"Skyfall","Action, Adventure, Thriller","UK, USA"
"Iron Man 3","Action, Adventure, Sci-Fi","China, USA"
"Monsters University","Animation, Adventure, Comedy","USA"
"Transformers: Revenge of the Fallen","Action, Adventure, Sci-Fi","USA"
"Transformers: Age of Extinction","Action, Adventure, Sci-Fi","USA, China, Hong Kong"
"The Amazing Spider-Man 2","Action, Adventure, Sci-Fi","USA"
"Cars 2","Animation, Adventure, Comedy, Family, Sport","USA"
"Green Lantern","Action, Adventure, Sci-Fi","USA"
"Toy Story 3","Animation, Adventure, Comedy, Family, Fantasy","USA"
"Terminator Salvation","Action, Adventure, Sci-Fi","USA, Germany, UK, Italy"
"Furious 7","Action, Crime, Thriller","Japan, USA, China, United Arab Emirates"
"World War Z","Action, Adventure, Horror, Sci-Fi, Thriller","USA"
"X-Men: Days of Future Past","Action, Adventure, Sci-Fi, Thriller","USA, UK, Canada"
"Star Trek Into Darkness","Action, Adventure, Sci-Fi","USA"
"Jack the Giant Slayer","Adventure, Fantasy","USA"
"The Great Gatsby","Drama, Romance","Australia, USA"
"The Great Gatsby","Drama, Romance","Australia, USA"
"Prince of Persia: The Sands of Time","Action, Adventure, Fantasy","USA"
"Pacific Rim","Action, Adventure, Sci-Fi","USA"
"Transformers: Dark of the Moon","Action, Adventure, Sci-Fi","USA"
"Indiana Jones and the Kingdom of the Crystal Skull","Action, Adventure, Fantasy","USA"
"The Good Dinosaur","Animation, Adventure, Comedy, Drama, Family, Fantasy","USA"
"Brave","Animation, Adventure, Comedy","USA, UK"
"Star Trek Beyond","Action, Adventure, Sci-Fi, Thriller","USA, China, United Arab Emirates, Canada"
"2012","Action, Adventure, Sci-Fi","USA"
"Jupiter Ascending","Action, Adventure, Sci-Fi","USA, Australia"
"The Legend of Tarzan","Action, Adventure, Drama, Fantasy, Romance","UK, Canada, USA"
"The Legend of Tarzan","Action, Adventure, Drama, Fantasy, Romance","UK, Canada, USA"
"X-Men: Apocalypse","Action, Adventure, Sci-Fi","USA"
"The Dark Knight","Action, Crime, Drama, Thriller","USA, UK"
"Up","Animation, Adventure, Comedy, Family","USA"
"Iron Man","Action, Adventure, Sci-Fi","USA"
"Hugo","Adventure, Drama, Family, Fantasy, Mystery, Romance","USA, UK"
"The Mummy: Tomb of the Dragon Emperor","Action, Adventure, Fantasy, Horror, Thriller","USA, Germany, China"
"Suicide Squad","Action, Adventure, Fantasy, Sci-Fi","USA"
"Edge of Tomorrow","Action, Sci-Fi","USA, Canada"
"G.I. Joe: The Rise of Cobra","Action, Adventure, Sci-Fi, Thriller","USA, Czech Republic"
"Inside Out","Animation, Adventure, Comedy, Drama, Family, Fantasy","USA"
"The Jungle Book","Adventure, Drama, Family, Fantasy","UK, USA"
"The Jungle Book","Adventure, Drama, Family, Fantasy","UK, USA"
"Iron Man 2","Action, Sci-Fi","USA"
"Snow White and the Huntsman","Action, Adventure, Drama, Fantasy","USA"
"Maleficent","Action, Adventure, Family, Fantasy, Romance","USA"
"Dawn of the Planet of the Apes","Action, Adventure, Drama, Sci-Fi","USA, UK, Canada"
"The Lovers","Drama, Romance","France"
"The Lovers","Drama, Romance","France"
"47 Ronin","Action, Adventure, Drama, Fantasy","USA, UK, Japan, Hungary"
"Captain America: The Winter Soldier","Action, Adventure, Sci-Fi, Thriller","USA"
"Shrek Forever After","Animation, Adventure, Comedy, Family, Fantasy, Romance","USA"
"Tomorrowland","Action, Adventure, Family, Fantasy, Mystery, Sci-Fi","USA, Spain, France, UK"
"Big Hero 6","Animation, Action, Adventure, Comedy, Drama, Family, Sci-Fi","USA"
"Wreck-It Ralph","Animation, Adventure, Comedy, Family, Fantasy","USA"
"Independence Day: Resurgence","Action, Adventure, Sci-Fi","USA"
"How to Train Your Dragon","Animation, Action, Adventure, Comedy, Family, Fantasy","USA"
"Guardians of the Galaxy","Action, Adventure, Comedy, Sci-Fi","USA"
"Interstellar","Adventure, Drama, Sci-Fi","USA, UK"
"Inception","Action, Adventure, Sci-Fi, Thriller","USA, UK"
"The Hobbit: An Unexpected Journey","Adventure, Family, Fantasy","USA, New Zealand"
"The Curious Case of Benjamin Button","Drama, Fantasy, Romance","USA"
"X-Men: First Class","Action, Adventure, Sci-Fi","USA, UK"
"The Hunger Games: Mockingjay - Part 2","Action, Adventure, Sci-Fi, Thriller","Germany, USA"
"The Sorcerer's Apprentice","Action, Adventure, Family, Fantasy","USA"
"Alice Through the Looking Glass","Adventure, Family, Fantasy","USA, UK"
"Warcraft","Action, Adventure, Fantasy","China, Canada, Japan, USA"
"The Chronicles of Narnia: The Voyage of the Dawn Treader","Adventure, Family, Fantasy","USA"
"Hancock","Action, Drama, Fantasy","USA"
"Madagascar: Escape 2 Africa","Animation, Adventure, Comedy, Family","USA"
"Night at the Museum: Battle of the Smithsonian","Adventure, Comedy, Family, Fantasy","USA, Canada"
"X-Men Origins: Wolverine","Action, Adventure, Sci-Fi","USA, UK"
"Frozen","Animation, Adventure, Comedy, Family, Fantasy, Musical","USA"
"Thor: The Dark World","Action, Adventure, Fantasy","USA"
"Mad Max: Fury Road","Action, Adventure, Sci-Fi, Thriller","Australia, USA"
"Angels & Demons","Mystery, Thriller","USA, Italy"
"Thor","Action, Adventure, Fantasy, Sci-Fi","USA"
"Bolt","Animation, Adventure, Comedy, Drama, Family","USA"
"G-Force","Animation, Action, Adventure, Comedy, Family, Fantasy, Sci-Fi","USA"
"Wrath of the Titans","Action, Adventure, Fantasy","Spain, USA"
"Dark Shadows","Comedy, Fantasy, Horror","USA, Australia"
"Mission: Impossible - Rogue Nation","Action, Adventure, Thriller","USA, China, Hong Kong"
"The Wolfman","Drama, Fantasy, Horror, Thriller","USA"
"Kung Fu Panda 2","Animation, Action, Adventure, Comedy, Family, Fantasy","USA"
"The Last Airbender","Action, Adventure, Family","USA"
"White House Down","Action, Drama, Thriller","USA"
"Mars Needs Moms","Animation, Adventure, Family, Sci-Fi","USA"
"Pan","Adventure, Family, Fantasy","USA, UK, Australia"
"Pan","Adventure, Family, Fantasy","USA, UK, Australia"
"Pan","Adventure, Family, Fantasy","USA, UK, Australia"
"Mr. Peabody & Sherman","Animation, Adventure, Comedy, Family, Sci-Fi","USA"
"Madagascar 3: Europe's Most Wanted","Animation, Adventure, Comedy, Family","USA"
"Ghostbusters","Action, Comedy, Fantasy","USA"
"Ghostbusters","Action, Comedy, Fantasy","USA"
"Kung Fu Panda 3","Animation, Action, Adventure, Comedy, Family, Fantasy","China, USA"
"Mission: Impossible - Ghost Protocol","Action, Adventure, Thriller","USA, United Arab Emirates, Czech Republic, Russia, India, Canada"
"Rise of the Guardians","Animation, Adventure, Family, Fantasy, Thriller","USA"
"Exodus: Gods and Kings","Action, Adventure, Drama, Fantasy","UK, Spain, USA"
"Exodus: Gods and Kings","Action, Adventure, Drama, Fantasy","UK, Spain, USA"
"Star Trek","Action, Adventure, Sci-Fi","USA, Germany"
"How to Train Your Dragon 2","Animation, Action, Adventure, Comedy, Family, Fantasy","USA"
"Gods of Egypt","Action, Adventure, Fantasy","USA, Australia"
"Watchmen","Action, Drama, Mystery, Sci-Fi","USA"
"G.I. Joe: Retaliation","Action, Adventure, Sci-Fi","USA"
"Captain America: The First Avenger","Action, Adventure, Sci-Fi","USA"
"The Incredible Hulk","Action, Adventure, Sci-Fi","USA"
"The BFG","Adventure, Family, Fantasy","USA, India"
"The Revenant","Action, Adventure, Biography, Drama, Western","USA, Hong Kong, Taiwan"
"Turbo","Animation, Adventure, Comedy","USA"
"Rango","Animation, Adventure, Comedy, Family, Western","USA, Brazil"
"Penguins of Madagascar","Animation, Adventure, Comedy, Family, Sci-Fi","USA"
"Kung Fu Panda","Animation, Action, Adventure","USA"
"Ant-Man","Action, Adventure, Comedy, Crime, Sci-Fi","USA"
"The Hunger Games: Catching Fire","Action, Adventure, Mystery, Sci-Fi, Thriller","USA"
"Puss in Boots","Animation, Action, Adventure","USA"
"Salt","Action, Mystery, Thriller","USA"
"Noah","Action, Adventure, Drama","USA"
"The Adventures of Tintin","Animation, Action, Adventure, Family, Mystery","USA, New Zealand"
"Australia","Adventure, Drama, Romance, War","UK, Australia, USA"
"After Earth","Action, Adventure, Sci-Fi","USA"
"Night at the Museum: Secret of the Tomb","Adventure, Comedy, Family, Fantasy","UK, USA"
"Megamind","Animation, Action, Comedy, Family, Sci-Fi","USA"
"R.I.P.D.","Action, Adventure, Comedy","USA"
"The Hunger Games: Mockingjay - Part 1","Action, Adventure, Sci-Fi, Thriller","USA"
"Rio 2","Animation, Adventure, Comedy, Family, Musical","USA"
"Fast Five","Action, Crime, Thriller","USA"
"Sherlock Holmes: A Game of Shadows","Action, Adventure, Crime, Mystery, Thriller","USA"
"The Bourne Legacy","Action, Adventure, Thriller","USA, Japan"
"Life of Pi","Adventure, Drama, Fantasy","USA, Taiwan, UK, Canada"
"Jason Bourne","Action, Thriller","USA, China"
"Prometheus","Adventure, Mystery, Sci-Fi","USA, UK"
"Elysium","Action, Drama, Sci-Fi","USA"
"Speed Racer","Action, Adventure, Comedy, Drama, Family, Sci-Fi, Sport","USA, Australia, Germany"
"How Do You Know","Comedy, Drama, Romance","USA"
"Oblivion","Action, Adventure, Mystery, Sci-Fi","USA"
"The Wolverine","Action, Adventure, Sci-Fi","USA, UK, Australia, Japan"
"The Croods","Animation, Action, Adventure","USA"
"The Huntsman: Winter's War","Action, Adventure, Drama, Fantasy","USA, China"
"Teenage Mutant Ninja Turtles","Action, Adventure, Comedy, Sci-Fi","USA"
"Teenage Mutant Ninja Turtles","Action, Adventure, Comedy, Sci-Fi","USA"
"Gravity","Drama, Sci-Fi, Thriller","UK, USA"
"Teenage Mutant Ninja Turtles: Out of the Shadows","Action, Adventure, Comedy, Sci-Fi","USA, Hong Kong, China, Canada"
"Fantastic Four","Action, Adventure, Fantasy, Sci-Fi","USA, Germany"
"Fantastic Four","Action, Adventure, Fantasy, Sci-Fi","USA, Germany"
"San Andreas","Action, Adventure, Drama, Thriller","USA"
"Gulliver's Travels","Adventure, Comedy, Family, Fantasy","USA"
"The Green Hornet","Action, Comedy, Crime, Sci-Fi, Thriller","USA"
"The Smurfs","Animation, Adventure, Comedy, Family, Fantasy","USA, Belgium, Canada"
"Real Steel","Action, Drama, Family, Sci-Fi, Sport","USA, India"
"The Smurfs 2","Animation, Adventure, Comedy, Family, Fantasy","USA, France, Canada, Belgium"
"Ender's Game","Action, Adventure, Fantasy","USA"
"The Princess and the Frog","Animation, Adventure, Comedy, Family, Fantasy, Musical, Romance","USA"
"The Martian","Adventure, Drama, Sci-Fi","UK, USA"
"Public Enemies","Biography, Crime, Drama, History, Romance","USA, Japan"
"Little Fockers","Comedy, Romance","USA"
"The Other Guys","Action, Comedy, Crime","USA"
"Django Unchained","Drama, Western","USA"
"The Expendables 2","Action, Adventure, Thriller","USA, Germany"
"Where the Wild Things Are","Adventure, Drama, Family, Fantasy","Germany, Australia, USA"
"Epic","Animation, Adventure, Family, Fantasy","USA"
"The Tourist","Action, Adventure, Crime, Mystery, Romance, Thriller","USA, France, Italy, UK"
"The Tourist","Action, Adventure, Crime, Mystery, Romance, Thriller","USA, France, Italy, UK"
"The Wolf of Wall Street","Biography, Comedy, Crime, Drama","USA"
"Cloud Atlas","Action, Drama, Mystery, Sci-Fi","Germany, USA, Hong Kong, Singapore"
"Legend of the Guardians: The Owls of Ga'Hoole","Animation, Action, Adventure, Family, Fantasy","USA, Australia"
"Hercules","Animation, Adventure, Comedy, Family, Fantasy, Musical, Romance","USA"
"Hercules","Animation, Adventure, Comedy, Family, Fantasy, Musical, Romance","USA"
"Land of the Lost","Adventure, Comedy, Sci-Fi","USA"
"The Expendables 3","Action, Adventure, Thriller","USA, France, Bulgaria"
"Point Break","Action, Crime, Thriller","Japan, USA"
"Point Break","Action, Crime, Thriller","Japan, USA"
"In the Heart of the Sea","Action, Adventure, Biography, Drama, History, Thriller","USA, Australia, Spain"
"Green Zone","Action, Drama, Thriller, War","UK, France, Spain, USA"
"The Peanuts Movie","Animation, Adventure, Comedy, Family","USA"
"The Flowers of War","Drama, History, Romance, War","China, Hong Kong"
"The Campaign","Comedy","USA"
"Sex and the City 2","Comedy, Drama, Romance","USA"
"Ice Age: Continental Drift","Animation, Adventure, Comedy, Family, Fantasy","USA"
"The Lovely Bones","Drama, Fantasy, Thriller","USA, UK, New Zealand"
"The Lovely Bones","Drama, Fantasy, Thriller","USA, UK, New Zealand"
"Seventh Son","Action, Adventure, Fantasy","USA, UK, Canada, China"
"Transcendence","Drama, Mystery, Romance, Sci-Fi, Thriller","UK, China, USA"
"Rise of the Planet of the Apes","Action, Drama, Sci-Fi, Thriller","USA, UK, Canada"
"The Spiderwick Chronicles","Adventure, Family, Fantasy","USA"
"A Good Day to Die Hard","Action, Thriller","USA"
"Unstoppable","Action, Thriller","USA"
"Cloudy with a Chance of Meatballs","Animation, Action, Adventure, Comedy, Family, Fantasy, Sci-Fi","USA"
"Ice Age: Dawn of the Dinosaurs","Animation, Action, Adventure, Comedy, Family","USA"
"The Secret Life of Walter Mitty","Adventure, Comedy, Drama","USA, UK"
"Tropic Thunder","Action, Adventure, Comedy, War","USA, UK, Germany"
"The Girl with the Dragon Tattoo","Crime, Drama, Mystery, Thriller","USA, Sweden, Norway"
"Sherlock Holmes","Action, Adventure, Crime, Mystery, Thriller","USA, Germany"
"Ben-Hur","Adventure, Drama, History","USA"
"Ben-Hur","Adventure, Drama, History","USA"
"Ben-Hur","Adventure, Drama, History","USA"
"Alvin and the Chipmunks: The Road Chip","Animation, Adventure, Comedy, Family, Fantasy, Music","USA"
"Valkyrie","Drama, History, Thriller, War","USA, Germany"
"You Don't Mess with the Zohan","Comedy","USA"
"Pixels","Action, Comedy, Sci-Fi","USA, China, Canada"
"Percy Jackson: Sea of Monsters","Adventure, Family, Fantasy, Thriller","USA"
"Now You See Me 2","Action, Adventure, Comedy, Crime, Mystery, Thriller","France, USA"
"Rio","Animation, Adventure, Comedy, Family, Musical","USA"
"The Nutcracker in 3D","Action, Family, Fantasy","UK, Hungary"
"Hotel Transylvania","Animation, Comedy, Family, Fantasy","USA"
"Safe House","Action, Adventure, Crime","South Africa, Japan, USA"
"Tower Heist","Action, Comedy, Crime","USA"
"It's Complicated","Comedy, Drama, Romance","USA, Japan"
"Divergent","Action, Adventure, Mystery, Sci-Fi","USA"
"Arthur Christmas","Animation, Adventure, Comedy, Family, Fantasy","UK, USA"
"Mirror Mirror","Adventure, Comedy, Drama, Family, Fantasy","USA, Canada"
"Scott Pilgrim vs. the World","Action, Comedy, Romance","USA, UK, Canada, Japan"
"Dredd","Action, Crime, Sci-Fi","UK, South Africa, USA, India"
"Dredd","Action, Crime, Sci-Fi","UK, South Africa, USA, India"
"Cats & Dogs: The Revenge of Kitty Galore","Musical","UK, USA"
"Jumper","Action, Adventure, Sci-Fi, Thriller","USA, Canada"
"Hellboy II: The Golden Army","Action, Adventure, Fantasy, Horror, Sci-Fi","USA, Germany"
"The Expendables","Action, Adventure, Thriller","USA"
"The Hunger Games","Adventure, Sci-Fi, Thriller","USA"
"The Hangover Part II","Comedy, Mystery","USA"
"Alvin and the Chipmunks: Chipwrecked","Animation, Adventure, Comedy, Family, Fantasy, Music","USA"
"Grown Ups 2","Comedy","USA"
"Get Smart","Action, Adventure, Comedy","USA"
"Shutter Island","Mystery, Thriller","USA"
"Four Christmases","Comedy, Drama, Romance","Germany, USA"
"Bedtime Stories","Comedy, Family, Fantasy, Romance","USA"
"Eagle Eye","Action, Mystery, Thriller","USA, Germany"
"The Book of Eli","Action, Adventure, Drama, Thriller","USA"
"Yogi Bear","Animation, Adventure, Comedy, Family","USA, New Zealand"
"Zookeeper","Comedy, Family, Romance","USA"
"Hotel Transylvania 2","Animation, Comedy, Family, Fantasy","USA"
"Evolution","Comedy, Sci-Fi","USA"
"Evolution","Comedy, Sci-Fi","USA"
"Surrogates","Action, Sci-Fi, Thriller","USA"
"Nine","Drama, Musical, Romance","UK, USA"
"The Last Witch Hunter","Action, Adventure, Fantasy","USA, China, Canada"
"Oceans","Documentary, Drama","France, Switzerland, Spain, USA, United Arab Emirates"
"Pompeii","Action, Adventure, Drama, History, Romance","Canada, Germany, USA"
"Journey 2: The Mysterious Island","Action, Adventure, Comedy","USA"
"Cloudy with a Chance of Meatballs 2","Animation, Action, Adventure, Comedy, Family, Fantasy, Sci-Fi","USA"
"Jack and Jill","Comedy","USA"
"The Little Prince","Animation, Adventure, Drama","France"
"The Secret Life of Pets","Animation, Adventure, Comedy, Family","Japan, USA"
"Despicable Me 2","Animation, Adventure, Comedy, Family, Fantasy, Sci-Fi","USA, France, Japan"
"Wanted","Action, Crime, Fantasy, Thriller","USA, Germany"
"Now You See Me","Crime, Mystery, Thriller","USA, France"
"Grown Ups","Comedy","USA"
"Hotel for Dogs","Comedy, Family","Germany, USA"
"Killers","Action, Comedy, Romance","USA"
"Immortals","Action, Drama, Fantasy, Romance","USA"
"Carriers","Drama, Horror, Sci-Fi, Thriller","USA"
"Minions","Animation, Action, Adventure, Comedy, Family","USA"
"Sucker Punch","Action, Fantasy","USA, Canada"
"The Angry Birds Movie","Animation, Action, Adventure, Comedy, Family","Finland, USA"
"Fool's Gold","Action, Adventure, Comedy, Romance, Thriller","USA"
"Funny People","Comedy, Drama","USA"
"The SpongeBob Movie: Sponge Out of Water","Animation, Adventure, Comedy, Family, Fantasy","USA, South Korea, Australia"
"Inglourious Basterds","Adventure, Drama, War","Germany, USA"
"Alvin and the Chipmunks: The Squeakquel","Animation, Comedy, Family, Fantasy, Music","USA"
"Olympus Has Fallen","Action, Thriller","USA"
"War Horse","Drama, History, War","USA, India"
"The Monuments Men","Drama, History, War","USA, Germany"
"Wall Street: Money Never Sleeps","Drama","USA"
"Dracula Untold","Action, Drama, Fantasy, Horror, War","USA, Japan"
"The Dilemma","Comedy, Drama","USA"
"Rock of Ages","Comedy, Drama, Musical, Romance","USA"
"Killer Elite","Action, Crime, Thriller","UK, Australia"
"Legends of Oz: Dorothy's Return","Animation, Adventure, Family","USA, India"
"Blackhat","Action, Crime, Thriller","USA"
"Escape Plan","Action, Crime, Mystery, Sci-Fi, Thriller","USA"
"The Legend of Hercules","Action, Adventure, Fantasy","USA"
"The Twilight Saga: Eclipse","Adventure, Drama, Fantasy, Romance","USA"
"Despicable Me","Animation, Comedy, Family, Fantasy","USA, France"
"Ted 2","Comedy","USA"
"Agora","Adventure, Biography, Drama, History, Romance","Spain"
"Hall Pass","Comedy, Romance","USA"
"The Finest Hours","Action, Drama, History","USA"
"Body of Lies","Action, Drama, Thriller","USA, UK"
"Dinner for Schmucks","Comedy","USA"
"Abraham Lincoln: Vampire Hunter","Action, Fantasy, Horror, Western","USA"
"Need for Speed","Action, Crime, Thriller","USA, India, UK, France, Philippines"
"Lincoln","Biography, Drama, History, War","USA, India"
"Step Brothers","Comedy","USA"
"Due Date","Adventure, Comedy, Drama","USA"
"Unbroken","Biography, Drama, Sport, War","USA"
"Unbroken","Biography, Drama, Sport, War","USA"
"The Dictator","Comedy","USA"
"Annie","Comedy, Drama, Family, Musical","USA"
"Focus","Comedy, Crime, Drama, Romance","USA, Argentina"
"This Means War","Action, Comedy, Romance","USA"
"Resident Evil: Retribution","Action, Horror, Sci-Fi, Thriller","Germany, Canada, USA, France, UK"
"Death Race","Action, Sci-Fi, Thriller","USA, Germany, UK"
"I, Frankenstein","Action, Fantasy, Horror, Sci-Fi, Thriller","USA, Australia"
"Astro Boy","Animation, Action, Comedy, Family, Sci-Fi","Hong Kong, USA, Japan"
"Dragon Blade","Action, Adventure, Drama, History","China, Hong Kong"
"The Love Guru","Comedy, Romance, Sport","UK, Germany, USA"
"The Hateful Eight","Crime, Drama, Mystery, Thriller, Western","USA"
"Hop","Animation, Adventure, Comedy, Family, Fantasy","USA"
"Gone Girl","Crime, Drama, Mystery, Thriller","USA"
"2 Guns","Action, Comedy, Crime","USA"
"Couples Retreat","Comedy","USA"
"Eat Pray Love","Drama, Romance","USA"
"Jack Reacher","Action, Crime, Thriller","USA"
"Jack Reacher","Action, Crime, Thriller","USA"
"Contagion","Drama, Thriller","USA, United Arab Emirates"
"Coraline","Animation, Drama, Fantasy, Thriller","USA"
"The Happening","Mystery, Sci-Fi, Thriller","USA, India"
"ParaNorman","Animation, Adventure, Comedy, Family, Fantasy","USA"
"The Tale of Despereaux","Animation, Adventure, Comedy, Family, Fantasy","UK, USA"
"Jack Ryan: Shadow Recruit","Action, Drama, Thriller","USA, Russia"
"Joy","Drama","USA"
"London Has Fallen","Action, Thriller","UK, Bulgaria, USA"
"The Boxtrolls","Animation, Adventure, Comedy, Family, Fantasy","USA"
"Gangster Squad","Action, Crime, Drama, Thriller","USA"
"Year One","Adventure, Comedy","USA"
"Invictus","Biography, Drama, History, Sport","USA"
"State of Play","Crime, Drama, Mystery, Thriller","USA, UK, France"
"Duplicity","Comedy, Crime, Romance, Thriller","USA, Germany"
"Planet 51","Animation, Adventure, Comedy, Family, Sci-Fi","Spain, UK, USA"
"Trouble with the Curve","Drama, Sport","USA"
"Edge of Darkness","Crime, Drama, Mystery","UK, USA"
"Righteous Kill","Crime, Drama, Mystery, Thriller","USA"
"The Soloist","Biography, Drama, Music","UK, France, USA"
"Priest","Action, Fantasy, Horror, Sci-Fi, Thriller","USA"
"Winter's Tale","Drama, Fantasy, Mystery, Romance","USA"
"The Mortal Instruments: City of Bones","Action, Fantasy, Horror","USA, Germany, Canada, UK"
"Meet Dave","Adventure, Comedy, Family, Romance, Sci-Fi","USA"
"Inkheart","Adventure, Family, Fantasy","Germany, UK, USA"
"The Spirit","Action, Crime, Fantasy","USA"
"Mortdecai","Action, Comedy, Crime, Mystery, Romance","UK, USA"
"Deadpool","Action, Adventure, Comedy, Sci-Fi","USA"
"American Sniper","Action, Biography, Drama, History, Thriller, War","USA"
"Goosebumps","Adventure, Comedy, Family, Fantasy, Horror","USA, Australia"
"Goosebumps","Adventure, Comedy, Family, Fantasy, Horror","USA, Australia"
"Leatherheads","Comedy, Drama, Romance","USA, Germany"
"Did You Hear About the Morgans?","Comedy, Drama, Romance","USA"
"The Internship","Comedy","USA"
"Resident Evil: Afterlife","Action, Adventure, Horror","Germany, France, USA, Canada, UK"
"Red Tails","Action, Adventure, Drama","USA"
"That's My Boy","Comedy","USA"
"Ghost Rider: Spirit of Vengeance","Action, Fantasy, Thriller","USA, United Arab Emirates"
"Captain Phillips","Biography, Drama, Thriller","USA"
"Date Night","Comedy, Crime, Romance, Thriller","USA"
"The Equalizer","Action, Crime, Thriller","USA"
"Mr. Popper's Penguins","Comedy, Family, Fantasy","USA"
"The Forbidden Kingdom","Action, Adventure, Fantasy","USA, China"
"Free Birds","Animation, Adventure, Comedy, Family, Sci-Fi","USA"
"Paddington","Adventure, Comedy, Family, Fantasy","UK, France, USA"
"The Watch","Action, Comedy, Horror, Sci-Fi","USA"
"The Watch","Action, Comedy, Horror, Sci-Fi","USA"
"Semi-Pro","Comedy, Sport","USA"
"The Pirates! Band of Misfits","Animation, Adventure, Comedy, Family","UK, USA"
"Changeling","Biography, Crime, Drama, History, Mystery, Thriller","USA"
"Imagine That","Comedy, Drama, Family","USA, Germany"
"Muppets Most Wanted","Adventure, Comedy, Crime, Family, Musical, Mystery","USA"
"Burlesque","Drama, Music, Musical, Romance","USA"
"Seven Pounds","Drama, Romance","USA"
"Bullet to the Head","Action, Thriller","USA"
"Black Mass","Biography, Crime, Drama","USA, UK"
"Law Abiding Citizen","Crime, Drama, Thriller","USA"
"Zero Dark Thirty","Drama, Thriller","USA"
"Mamma Mia!","Comedy, Musical, Romance","USA, UK, Germany"
"Valentine's Day","Comedy, Romance","USA"
"The Change-Up","Comedy, Fantasy","USA"
"From Paris with Love","Action, Crime, Thriller","France"
"The Twilight Saga: New Moon","Adventure, Drama, Fantasy, Romance","USA"
"The Adjustment Bureau","Romance, Sci-Fi, Thriller","USA"
"Ted","Comedy, Fantasy, Romance","USA"
"Anchorman 2: The Legend Continues","Comedy","USA"
"Super 8","Mystery, Sci-Fi, Thriller","USA"
"22 Jump Street","Action, Comedy, Crime","USA"
"Yes Man","Comedy, Romance","USA, UK"
"Central Intelligence","Action, Comedy, Crime","USA, China"
"Daddy's Home","Comedy","USA"
"Into the Woods","Adventure, Comedy, Drama, Fantasy, Musical","USA"
"We Bought a Zoo","Comedy, Drama, Family","USA"
"Knowing","Drama, Mystery, Sci-Fi, Thriller","USA, UK, Australia"
"Crazy, Stupid, Love.","Comedy, Drama, Romance","USA"
"Moneyball","Biography, Drama, Sport","USA"
"Non-Stop","Action, Mystery, Thriller","UK, France, USA, Canada"
"Race to Witch Mountain","Action, Adventure, Family, Fantasy, Sci-Fi, Thriller","USA"
"I Am Number Four","Action, Adventure, Sci-Fi, Thriller","USA"
"The Book of Life","Animation, Adventure, Comedy, Family, Fantasy, Musical, Romance","USA"
"American Reunion","Comedy","USA"
"The Judge","Crime, Drama","USA"
"Ninja Assassin","Action, Crime, Fantasy, Thriller","Germany, USA"
"Marmaduke","Comedy, Family","USA"
"Hereafter","Drama, Fantasy","USA"
"The Host","Action, Adventure, Romance, Sci-Fi, Thriller","USA, Switzerland"
"The International","Action, Crime, Drama, Mystery, Thriller","USA, Germany, UK, France"
"Free State of Jones","Action, Biography, Drama, History, War","USA"
"Run All Night","Action, Crime, Drama, Thriller","USA"
"Your Highness","Adventure, Comedy, Fantasy","USA"
"Dream House","Drama, Mystery, Thriller","USA, Canada"
"Gamer","Action, Sci-Fi, Thriller","USA"
"Beautiful Creatures","Drama, Fantasy, Romance","USA"
"Zoolander 2","Comedy","USA, Italy"
"Drive Angry","Action, Fantasy, Thriller","USA"
"Street Fighter: The Legend of Chun-Li","Action, Crime, Thriller","Canada, India, USA, Japan, Thailand"
"Pirate Radio","Comedy, Drama, Music","UK, Germany, France"
"Anna Karenina","Drama, Romance","UK"
"Chappie","Action, Crime, Drama, Sci-Fi, Thriller","South Africa, USA"
"Child 44","Crime, Drama, Thriller","Czech Republic, UK, USA, Russia"
"Taken 3","Action, Thriller","France, USA, Spain"
"Jonah Hex","Action, Drama, Fantasy, Thriller, Western","USA"
"The Infiltrator","Biography, Crime, Drama, Thriller","UK"
"Taken 2","Action, Crime, Thriller","France, USA"
"Journey to the Center of the Earth","Action, Adventure, Family, Fantasy, Sci-Fi","USA"
"Prisoners","Crime, Drama, Mystery, Thriller","USA"
"The Muppets","Adventure, Comedy, Family","USA"
"Blended","Comedy, Romance","USA"
"Revolutionary Road","Drama, Romance","USA, UK"
"Babylon A.D.","Action, Adventure, Sci-Fi, Thriller","France"
"Aliens in the Attic","Animation, Adventure, Comedy","USA, Canada"
"The Ghost Writer","Drama, Mystery, Thriller","France, Germany, UK"
"Miracle at St. Anna","Action, Crime, Drama","USA, Italy"
"Bangkok Dangerous","Action, Crime, Thriller","USA"
"Johnny English Reborn","Action, Adventure, Comedy, Crime","USA, France, UK"
"Argo","Biography, Drama, Thriller","USA"
"The Bounty Hunter","Action, Comedy, Romance","USA"
"Victor Frankenstein","Drama, Horror, Sci-Fi","UK, Canada, USA"
"Victor Frankenstein","Drama, Horror, Sci-Fi","UK, Canada, USA"
"Victor Frankenstein","Drama, Horror, Sci-Fi","UK, Canada, USA"
"Charlie St. Cloud","Drama, Fantasy, Romance","USA, Canada"
"The Mechanic","Action, Crime, Thriller","USA"
"21 Jump Street","Action, Comedy, Crime","USA"
"The Heat","Action, Comedy, Crime","USA"
"Here Comes the Boom","Action, Comedy, Sport","USA"
"Red Riding Hood","Fantasy, Horror, Mystery, Romance, Thriller","USA, Canada"
"The Warrior's Way","Action, Fantasy, Western","New Zealand, South Korea"
"Micmacs","Action, Comedy, Crime","France"
"Man on a Ledge","Action, Adventure, Crime, Thriller","USA"
"The Big Year","Comedy","USA"
"American Hustle","Crime, Drama","USA"
"The Proposal","Comedy, Drama, Romance","USA"
"Lucy","Action, Sci-Fi, Thriller","France, Taiwan, Germany"
"Fifty Shades of Grey","Drama, Romance, Thriller","USA"
"Lone Survivor","Action, Biography, Drama, Thriller, War","USA"
"The Conjuring 2","Horror, Mystery, Thriller","Canada, USA"
"The Social Network","Biography, Drama","USA"
"He's Just Not That Into You","Comedy, Drama, Romance","Germany, USA"
"Get Hard","Comedy, Crime","USA"
"Julie & Julia","Crime, Drama, Film-Noir, Mystery, Thriller","USA"
"42","Biography, Drama, Sport","USA"
"Dumb and Dumber To","Adventure, Comedy","USA"
"The Intern","Comedy, Drama","USA"
"Ride Along 2","Action, Comedy","USA"
"Vantage Point","Action, Crime, Drama, Mystery, Thriller","USA"
"I Love You, Man","Comedy, Romance","USA"
"17 Again","Comedy, Drama, Fantasy","USA"
"The Other Woman","Comedy, Romance","USA"
"The Final Destination","Horror, Thriller","USA"
"Bridge of Spies","Drama, History, Thriller","Germany, India, USA"
"Get Him to the Greek","Adventure, Comedy, Music","USA"
"The Lincoln Lawyer","Crime, Drama, Thriller","USA"
"Unknown","Action, Mystery, Thriller","UK, Germany, France, USA"
"Unknown","Action, Mystery, Thriller","UK, Germany, France, USA"
"Horrible Bosses 2","Comedy, Crime","USA"
"Predators","Action, Adventure, Sci-Fi","USA"
"The Odd Life of Timothy Green","Comedy, Drama, Family, Fantasy","USA"
"Made of Honor","Comedy, Romance","USA, UK"
"Jersey Boys","Biography, Drama, Music, Musical","USA"
"Paul","Adventure, Comedy, Sci-Fi","USA, UK"
"The Guilt Trip","Comedy, Drama","USA"
"Scream 4","Horror, Mystery","USA"
"Sex Tape","Comedy, Romance","USA"
"Final Destination 5","Horror, Thriller","USA, Canada, Singapore, Hong Kong"
"Drillbit Taylor","Comedy, Drama","USA"
"A Million Ways to Die in the West","Action, Comedy, Western","USA"
"Extremely Loud & Incredibly Close","Adventure, Drama, Mystery","USA"
"Morning Glory","Comedy, Drama, Romance","USA"
"The Other Boleyn Girl","Biography, Drama, History, Romance","UK, USA"
"Colombiana","Action, Crime, Drama, Thriller","France"
"The Impossible","Drama, History, Thriller","Spain, USA"
"Fantastic Mr. Fox","Animation, Adventure, Comedy, Crime, Family","USA"
"Big Miracle","Biography, Drama, Family, Romance","USA, UK"
"Cirque du Freak: The Vampire's Assistant","Action, Adventure, Fantasy, Thriller","USA"
"Soul Men","Comedy, Drama, Music","USA"
"Pandorum","Action, Horror, Mystery, Sci-Fi, Thriller","Germany, UK, USA"
"A Thousand Words","Comedy, Drama","USA"
"Delgo","Animation, Adventure, Comedy","USA"
"The Gunman","Action, Crime, Drama","USA, Spain, UK, France"
"Snowpiercer","Action, Drama, Sci-Fi","South Korea, Czech Republic"
"Baahubali: The Beginning","Action, Drama, Fantasy","India"
"The Time Traveler's Wife","Drama, Fantasy, Romance, Sci-Fi","USA"
"Frankenweenie","Animation, Comedy, Family, Horror, Sci-Fi","USA"
"Grudge Match","Comedy, Drama, Sport","USA"
"Red Cliff","Action, Adventure, Drama, History, War","China, Hong Kong, Japan, Taiwan, South Korea"
"The Ugly Truth","Comedy, Romance","USA"
"The Grandmaster","Action, Biography, Drama, Romance, War","Hong Kong, China"
"Water for Elephants","Drama, Romance","USA"
"Paul Blart: Mall Cop 2","Action, Comedy, Crime, Family","USA"
"Riddick","Action, Sci-Fi, Thriller","USA"
"City of Ember","Adventure, Family, Fantasy, Sci-Fi","USA"
"The Master","Drama","USA"
"The Express","Biography, Drama, Sport","USA, Germany"
"The 5th Wave","Action, Adventure, Sci-Fi, Thriller","USA"
"Creed","Drama, Sport","USA"
"The Town","Crime, Drama, Thriller","USA"
"What to Expect When You're Expecting","Comedy, Drama, Romance","USA"
"Burn After Reading","Comedy, Crime, Drama, Thriller","USA, UK, France"
"Nim's Island","Adventure, Comedy, Family, Fantasy","USA"
"Rush","Action, Biography, Drama, Sport","UK, Germany, USA"
"Cop Out","Action, Comedy, Crime, Thriller","USA"
"How to Be Single","Comedy, Drama, Romance","USA"
"Dolphin Tale","Drama, Family","Canada, USA"
"Twilight","Drama, Fantasy, Romance","USA"
"Twilight","Drama, Fantasy, Romance","USA"
"We're the Millers","Comedy, Crime","USA"
"Hot Tub Time Machine","Comedy, Sci-Fi","USA"
"Dolphin Tale 2","Drama, Family","USA"
"Aloha","Comedy, Drama, Romance","USA"
"Aloha","Comedy, Drama, Romance","USA"
"The Rite","Drama, Horror, Mystery, Thriller","USA, Hungary, Italy"
"Space Chimps","Animation, Adventure, Comedy, Family, Sci-Fi","USA"
"The Hangover","Comedy","USA, Germany"
"Ip Man 3","Action, Biography, Drama, History","China, Hong Kong"
"There Be Dragons","Biography, Drama, War","Spain, USA"
"The Blind Side","Biography, Drama, Sport","USA"
"Horrible Bosses","Comedy, Crime","USA"
"True Grit","Adventure, Drama, Western","USA"
"Identity Thief","Adventure, Comedy, Crime, Drama","USA"
"21","Crime, Drama, History, Thriller","USA"
"Trainwreck","Comedy, Drama, Romance","USA, Japan"
"Secretariat","Biography, Drama, Family, History, Sport","USA"
"Friends with Benefits","Comedy, Romance","USA"
"Neighbors 2: Sorority Rising","Comedy","USA, China"
"Saving Mr. Banks","Biography, Comedy, Drama, Family, Music","USA, UK, Australia"
"This Is 40","Comedy, Romance","USA"
"Old Dogs","Comedy, Family","USA"
"Underworld: Rise of the Lycans","Action, Adventure, Fantasy","USA, New Zealand"
"Max Payne","Action, Crime, Drama, Mystery, Thriller","Canada, USA"
"In Time","Action, Sci-Fi, Thriller","USA"
"Something Borrowed","Comedy, Drama, Romance","USA"
"J. Edgar","Biography, Crime, Drama, History, Romance","USA"
"Mirrors","Horror, Mystery","USA, Romania, Germany"
"Untraceable","Crime, Horror, Mystery, Thriller","USA"
"Alex Cross","Action, Crime, Mystery, Thriller","USA, France"
"Heist","Action, Crime, Drama","Canada, USA"
"Heist","Action, Crime, Drama","Canada, USA"
"Nanny McPhee Returns","Comedy, Family, Fantasy","UK, France, USA"
"Concussion","Biography, Drama, Sport","UK, Australia, USA"
"Abduction","Action, Mystery, Thriller","USA"
"Superhero Movie","Action, Comedy","USA"
"Broken City","Crime, Drama, Thriller","USA"
"Premium Rush","Action, Crime, Thriller","USA"
"Hot Pursuit","Action, Comedy, Crime","USA"
"Hot Pursuit","Action, Comedy, Crime","USA"
"Parker","Action, Crime, Romance, Thriller","USA"
"Furry Vengeance","Comedy, Family","USA, United Arab Emirates"
"Bait","Action, Horror, Thriller","Australia, Singapore"
"The Young Victoria","Biography, Drama, History","UK, USA"
"Whiteout","Action, Crime, Horror, Mystery, Thriller","USA, Canada, France, Turkey"
"The Tree of Life","Drama, Fantasy","USA"
"Punisher: War Zone","Action, Adventure, Crime, Drama, Thriller","USA, Canada, Germany"
"The Walk","Adventure, Biography, Drama, Thriller","USA"
"Biutiful","Drama, Romance","Mexico, Spain"
"The Maze Runner","Action, Mystery, Sci-Fi, Thriller","USA, UK"
"Unfinished Business","Comedy, Drama","USA"
"Stolen","Action, Crime, Drama, Thriller","USA"
"Ponyo","Animation, Adventure, Comedy, Family, Fantasy","Japan"
"The Longest Ride","Drama, Romance","USA"
"Playing for Keeps","Comedy, Romance, Sport","USA"
"Mandela: Long Walk to Freedom","Biography, Drama, History","UK, South Africa, France"
"The Darkest Hour","Action, Adventure, Horror, Sci-Fi, Thriller","USA"
"Step Up Revolution","Drama, Music, Romance","USA"
"Safe","Action, Crime, Thriller","USA"
"Doomsday","Action, Sci-Fi, Thriller","UK, USA, South Africa, Germany"
"The Reader","Drama, Romance","USA, Germany"
"Wanderlust","Comedy, Romance","USA"
"Bridesmaids","Comedy, Romance","USA"
"Takers","Action, Crime, Thriller","USA"
"The Big Wedding","Comedy, Drama, Romance","USA"
"Big Mommas: Like Father, Like Son","Action, Comedy, Crime","USA"
"Source Code","Mystery, Romance, Sci-Fi, Thriller","USA, Canada"
"Repo Men","Action, Crime, Sci-Fi, Thriller","USA, Canada"
"The Incredible Burt Wonderstone","Adventure, Comedy, Fantasy","USA"
"Going the Distance","Comedy, Romance","USA"
"Criminal","Action, Crime, Drama, Mystery, Sci-Fi, Thriller","USA, UK"
"Flight","Drama, Thriller","USA"
"The Grand Budapest Hotel","Adventure, Comedy, Drama","USA, Germany"
"Vacation","Adventure, Comedy","USA"
"The Vow","Drama, Romance","USA, France, Australia, UK, Germany, Canada"
"Extraordinary Measures","Drama","USA"
"Lee Daniels' The Butler","Biography, Drama","USA"
"District 9","Sci-Fi, Thriller","South Africa, USA, New Zealand, Canada"
"27 Dresses","Comedy, Romance","USA"
"Up in the Air","Drama, Romance","USA"
"Warm Bodies","Comedy, Horror, Romance","USA, Canada"
"Looper","Action, Crime, Drama, Sci-Fi, Thriller","USA, China"
"Hope Springs","Comedy, Drama, Romance","USA"
"Forgetting Sarah Marshall","Comedy, Drama, Romance","USA"
"Baby Mama","Comedy, Romance","USA"
"Bride Wars","Comedy, Romance","USA"
"Midnight in Paris","Comedy, Fantasy, Romance","Spain, USA, France"
"The Nut Job","Animation, Adventure, Comedy, Crime, Family","Canada, South Korea, USA"
"Letters to Juliet","Adventure, Comedy, Drama, Romance","USA"
"The Three Stooges","Comedy, Family","USA"
"Sicario","Action, Crime, Drama, Mystery, Thriller","USA, Mexico"
"Southpaw","Drama, Sport","Hong Kong, USA"
"Drag Me to Hell","Horror, Thriller","USA"
"The Age of Adaline","Drama, Fantasy, Romance","USA, Canada"
"The Cabin in the Woods","Comedy, Horror","USA"
"Meet the Spartans","Comedy","USA"
"Hanna","Action, Drama, Thriller","USA, UK, Germany"
"Larry Crowne","Comedy, Drama, Romance","USA"
"Carrie","Horror","USA"
"Carrie","Horror","USA"
"9","Animation, Action, Adventure, Drama, Mystery, Sci-Fi, Thriller","USA"
"Side Effects","Crime, Drama, Mystery, Thriller","USA"
"Side Effects","Crime, Drama, Mystery, Thriller","USA"
"Winnie the Pooh","Animation, Adventure, Comedy, Family, Musical","USA"
"Sanctum","Adventure, Drama, Thriller","USA, Australia"
"The Five-Year Engagement","Comedy, Romance","USA, Japan"
"The Next Three Days","Action, Crime, Drama","USA, France"
"Splice","Drama, Horror, Sci-Fi","Canada, France, USA"
"Fright Night","Comedy, Horror","USA"
"The Last Stand","Action, Thriller","USA"
"Hoodwinked Too! Hood vs. Evil","Animation, Action, Comedy","USA"
"The Imaginarium of Doctor Parnassus","Adventure, Comedy, Fantasy","UK, Canada, France, USA"
"Runner Runner","Crime, Thriller","USA"
"Dead Man Down","Action, Crime, Drama, Thriller","USA"
"1911","Action, Adventure, Drama","China, Hong Kong"
"Machine Gun Preacher","Action, Biography, Crime","USA"
"United Passions","Drama, History, Sport","France"
"Sausage Party","Animation, Adventure, Comedy, Fantasy","USA"
"Pitch Perfect 2","Comedy, Music","USA"
"Frost/Nixon","Biography, Drama, History","USA, UK, France"
"The Boss","Comedy","USA"
"Straight Outta Compton","Biography, Drama, History, Music","USA"
"Florence Foster Jenkins","Biography, Comedy, Drama, Music","UK, France"
"Role Models","Comedy","Germany, USA"
"The Big Short","Biography, Comedy, Drama, History","USA"
"Taking Woodstock","Biography, Comedy, Drama, Music","USA"
"Last Vegas","Comedy, Drama","USA"
"Safe Haven","Drama, Romance, Thriller","USA"
"Kick-Ass","Action, Comedy","UK, USA"
"30 Minutes or Less","Action, Comedy, Crime","USA"
"Alexander and the Terrible, Horrible, No Good, Very Bad Day","Comedy, Family","USA"
"3 Days to Kill","Action, Drama, Thriller","USA, France, Serbia"
"The Spy Next Door","Action, Comedy, Family","USA"
"Our Brand Is Crisis","Comedy, Drama","USA"
"Pride and Prejudice and Zombies","Action, Horror, Romance","USA, UK"
"Kick-Ass 2","Action, Comedy, Crime","USA, UK"
"Brick Mansions","Action, Crime, Sci-Fi, Thriller","France, Canada, USA"
"My Sister's Keeper","Drama, Family","USA"
"The Sisterhood of the Traveling Pants 2","Comedy, Drama, Romance","USA"
"Joyful Noise","Comedy, Drama, Music","USA"
"Anonymous","Drama, Thriller","UK, Germany, USA"
"The Duchess","Biography, Drama, History, Romance","UK, Italy, France, USA"
"Case 39","Horror, Mystery, Thriller","USA, Canada"
"Money Monster","Crime, Drama, Thriller","USA"
"Paul Blart: Mall Cop","Action, Comedy, Crime, Family","USA"
"A Walk Among the Tombstones","Crime, Drama, Mystery","USA"
"Pineapple Express","Action, Comedy, Crime","USA"
"Brothers","Drama, War","USA"
"Brothers","Drama, War","USA"
"New Year's Eve","Comedy, Romance","USA"
"The Raven","Crime, Mystery, Thriller","USA, Spain, Hungary, Serbia"
"Gran Torino","Drama","Germany, USA"
"W.","Biography, Drama, History","USA, Australia, Hong Kong, Switzerland, China"
"Taken","Action, Crime, Thriller","France, USA"
"The Best of Me","Drama, Romance","USA"
"The Help","Drama","USA, India, United Arab Emirates"
"The Fifth Estate","Biography, Drama, Thriller","USA, India, Belgium"
"Cloverfield","Action, Horror, Sci-Fi, Thriller","USA"
"Ride Along","Action, Comedy, Crime","USA"
"Parental Guidance","Comedy, Family","USA"
"No Strings Attached","Comedy, Romance","USA"
"The Lucky One","Drama, Romance","USA"
"The Grey","Action, Adventure, Drama, Thriller","USA"
"Contraband","Action, Crime, Drama, Thriller","USA, UK, France"
"The House Bunny","Comedy, Romance","USA"
"Million Dollar Arm","Biography, Drama, Sport","USA"
"The Giver","Drama, Romance, Sci-Fi","South Africa, Canada, USA"
"Blood Ties","Crime, Drama, Thriller","France, USA"
"The Sitter","Comedy","USA"
"Dance Flick","Action, Comedy, Music","USA"
"The Gambler","Crime, Drama, Thriller","USA"
"The Gambler","Crime, Drama, Thriller","USA"
"August: Osage County","Drama","USA"
"Eddie the Eagle","Biography, Comedy, Drama, Sport","UK, Germany, USA"
"Eddie the Eagle","Biography, Comedy, Drama, Sport","UK, Germany, USA"
"Dear John","Drama, Romance, War","USA"
"The Losers","Action, Adventure, Crime","USA"
"Don't Be Afraid of the Dark","Fantasy, Horror, Thriller","USA, Australia, Mexico"
"The Box","Drama, Fantasy, Mystery, Sci-Fi, Thriller","USA"
"The Ruins","Horror","USA, Germany, Australia"
"My Soul to Take","Horror, Mystery, Thriller","USA"
"My Soul to Take","Horror, Mystery, Thriller","USA"
"Legend","Biography, Crime, Drama, Thriller","UK, France, USA"
"Legend","Biography, Crime, Drama, Thriller","UK, France, USA"
"Shark Night 3D","Horror, Thriller","USA"
"Draft Day","Drama, Sport","USA"
"The Conspirator","Crime, Drama, History","USA"
"The 33","Biography, Drama, History","Chile, USA"
"Warrior","Drama, Sport","USA"
"Stop-Loss","Drama, War","USA"
"The Possession","Horror, Thriller","USA, Canada"
"The Possession","Horror, Thriller","USA, Canada"
"The Road","Adventure, Drama","USA"
"Blindness","Drama, Mystery, Sci-Fi, Thriller","Canada, Brazil, Japan"
"Carnage","Comedy, Drama","France, Germany, Poland, Spain, USA"
"Me and Orson Welles","Comedy, Drama","UK, Isle Of Man, USA"
"The Best Offer","Crime, Drama, Mystery","Italy"
"Bad Lieutenant: Port of Call New Orleans","Crime, Drama","USA"
"Little White Lies","Comedy, Drama","France"
"Love Ranch","Biography, Comedy, Drama","USA, Germany"
"The Counselor","Short, Drama, Thriller","USA"
"Kung Fu Killer","Action, Drama","China, Hong Kong"
"On the Road","Adventure, Drama, Romance","France, USA, UK, Brazil, Canada, Argentina"
"Jane Got a Gun","Action, Drama, Western","USA"
"Think Like a Man Too","Comedy, Romance","USA"
"Zack and Miri Make a Porno","Comedy, Romance","USA"
"The Men Who Stare at Goats","Comedy, War","USA, UK"
"I Don't Know How She Does It","Comedy, Romance","USA"
"Piranha 3D","Comedy, Horror, Thriller","USA"
"Faster","Action, Crime, Drama, Thriller","USA"
"Zombieland","Adventure, Comedy, Horror, Sci-Fi","USA"
"The Ides of March","Drama, Thriller","USA"
"The Adventurer: The Curse of the Midas Box","Adventure, Family, Fantasy","UK, Spain, Belgium"
"Haywire","Action, Drama, Thriller","Ireland, USA"
"The Longshots","Biography, Comedy, Drama","USA"
"Coco Before Chanel","Biography, Drama","France, Belgium"
"The Water Diviner","Drama, History, War","Australia, USA"
"The Hundred-Foot Journey","Comedy, Drama","USA, United Arab Emirates, India"
"Son of God","Biography, Drama, History","USA"
"The Informant!","Biography, Comedy, Crime, Drama","USA"
"Delivery Man","Comedy, Drama","USA, India, Canada"
"Our Kind of Traitor","Crime, Drama, Thriller","UK, France"
"Diary of a Wimpy Kid: Dog Days","Comedy, Family","USA, Canada"
"Hail, Caesar!","Comedy, Mystery","UK, Japan, USA"
"Homefront","Action, Crime, Drama","USA"
"The Transporter Refueled","Action, Adventure, Crime, Thriller","France, China, Belgium"
"Hit and Run","Action, Comedy, Romance","USA"
"Mad Money","Comedy, Crime, Thriller","USA"
"Stone","Drama, Thriller","USA"
"Out of the Furnace","Crime, Drama, Thriller","UK, USA"
"Underdogs","Animation, Adventure, Family","Argentina, Spain"
"To Rome with Love","Comedy, Music, Romance","USA, Italy, Spain"
"Silver Linings Playbook","Comedy, Drama, Romance","USA"
"For Colored Girls","Drama","USA"
"Never Back Down","Action, Drama, Sport","USA"
"Away We Go","Comedy, Drama, Romance","USA, UK"
"Swing Vote","Comedy, Drama","USA"
"The Beaver","Drama","USA, United Arab Emirates"
"Beverly Hills Chihuahua","Adventure, Comedy, Drama, Family, Romance","USA"
"The Conjuring","Horror, Mystery, Thriller","USA"
"Tammy","Comedy, Romance","USA"
"The Descendants","Comedy, Drama","USA"
"The Last Song","Drama, Music, Romance","USA"
"12 Years a Slave","Biography, Drama, History","USA, UK"
"Me Before You","Drama, Romance","UK, USA"
"Bad Moms","Comedy","USA"
"Bad Moms","Comedy","USA"
"Selma","Biography, Drama, History","UK, USA, France"
"Orphan","Horror, Mystery, Thriller","USA, Canada, Germany"
"Max","Adventure, Drama, Family, Fantasy, War","USA"
"Spotlight","Crime, Drama, History","USA"
"Lakeview Terrace","Crime, Drama, Thriller","USA"
"The American","Crime, Drama, Thriller","USA, UK"
"Vampires Suck","Comedy","USA"
"Doubt","Drama, Mystery","USA"
"Texas Chainsaw 3D","Horror, Thriller","USA"
"Scary Movie 5","Comedy","USA"
"Milk","Biography, Drama","USA"
"Risen","Action, Adventure, Drama, Mystery","USA"
"A Very Harold & Kumar 3D Christmas","Adventure, Comedy","USA"
"The Stepfather","Crime, Thriller","USA"
"The Debt","Drama, Thriller","USA, UK, Hungary, Israel"
"One Missed Call","Horror, Mystery","Japan, USA, Germany"
"The Bank Job","Crime, Drama, Romance, Thriller","UK, USA, Australia"
"You Again","Comedy, Family, Romance","USA"
"Street Kings","Action, Crime, Drama, Thriller","USA"
"The World's End","Action, Comedy, Sci-Fi","UK, USA, Japan"
"Daybreakers","Action, Fantasy, Horror, Sci-Fi, Thriller","Australia, USA"
"She's Out of My League","Comedy, Romance","USA"
"Monte Carlo","Adventure, Comedy, Family, Romance","Hungary, USA"
"Alpha and Omega","Animation, Adventure, Comedy, Family, Romance","USA, India, Canada"
"Shorts","Comedy, Family, Fantasy","USA, United Arab Emirates"
"Nerve","Action, Adventure, Crime, Drama, Mystery, Thriller","USA"
"Appaloosa","Crime, Drama, Romance, Western","USA"
"My Best Friend's Girl","Comedy, Romance","USA"
"Endless Love","Drama, Romance","USA"
"Silent Hill: Revelation 3D","Documentary","France"
"Capitalism: A Love Story","Documentary, Crime, News","USA"
"Disaster Movie","Comedy","USA"
"Armored","Action, Crime, Thriller","USA"
"What's Your Number?","Comedy, Romance","USA"
"Lockout","Action, Adventure, Sci-Fi, Thriller","France"
"Crank: High Voltage","Action, Crime, Thriller","USA"
"Ghost Town","Comedy, Drama, Fantasy, Romance","USA"
"12 Rounds","Action, Crime, Thriller","USA"
"Let Me In","Drama, Fantasy, Horror, Mystery, Thriller","UK, USA"
"Triple 9","Action, Crime, Drama, Thriller","USA"
"Burnt","Comedy, Drama","USA"
"Everybody's Fine","Adventure, Drama","USA"
"Inherent Vice","Comedy, Crime, Drama, Mystery, Romance","USA"
"Battle of the Year","Drama, Music","USA"
"An American Carol","Comedy, Fantasy","USA"
"Machete Kills","Action, Crime, Sci-Fi","Russia, USA"
"Strange Wilderness","Adventure, Comedy","USA"
"Little Boy","Drama, History, War","Mexico, USA"
"A Dangerous Method","Biography, Drama, Romance, Thriller","UK, Germany, Canada, Switzerland, USA"
"Chasing Mavericks","Biography, Drama, Sport","USA"
"Bandslam","Comedy, Drama, Family","USA"
"A Most Violent Year","Crime, Drama, Thriller","United Arab Emirates, USA"
"Flash of Genius","Biography, Drama","Canada, USA"
"The Cold Light of Day","Action, Thriller","USA, Spain"
"The Brothers Bloom","Adventure, Comedy, Drama","USA"
"Synecdoche, New York","Comedy, Drama","USA"
"The Children of Huang Shi","Drama, War","Australia, China, Germany, USA"
"By the Sea","Drama, Fantasy, Mystery","France, Malta, USA"
"All Good Things","Crime, Drama, Mystery, Romance, Thriller","USA"
"CJ7","Comedy, Family, Sci-Fi","Hong Kong, China"
"Dylan Dog: Dead of Night","Action, Comedy, Crime, Fantasy, Horror, Mystery, Sci-Fi, Thriller","USA"
"The Tempest","Comedy, Drama, Fantasy","USA"
"Regression","Crime, Horror, Mystery, Thriller","Spain, Canada, USA"
"Hands of Stone","Action, Biography, Drama, Sport","Panama, USA"
"The Baader Meinhof Complex","Action, Biography, Crime","Germany, France, Czech Republic"
"Bad Teacher","Comedy, Romance","USA"
"The Switch","Comedy, Drama, Romance","USA"
"The Devil's Double","Biography, Drama, Thriller","Belgium, Netherlands"
"The Crazies","Horror, Thriller","USA, United Arab Emirates"
"Firestorm","Thriller, Action","USA"
"The Book Thief","Drama, War","USA, Germany"
"Sex Drive","Adventure, Comedy, Romance","USA"
"Leap Year","Comedy, Romance","USA, Ireland"
"Take Me Home Tonight","Comedy, Drama, Romance","USA, Germany"
"Won't Back Down","Drama","USA"
"Indignation","Drama, Romance","USA, China"
"The Invention of Lying","Comedy, Fantasy, Romance","USA"
"Neighbors","Comedy","USA"
"Left Behind","Action, Drama, Fantasy, Mystery, Thriller","USA, Canada"
"Left Behind","Action, Drama, Fantasy, Mystery, Thriller","USA, Canada"
"My Big Fat Greek Wedding 2","Comedy, Romance","USA, Canada"
"Diary of a Wimpy Kid: Rodrick Rules","Comedy, Family","USA"
"Prom Night","Horror, Mystery","USA, Canada"
"Blue Jasmine","Drama","USA"
"Soul Surfer","Biography, Drama, Family, Sport","USA"
"Observe and Report","Comedy, Crime, Drama","USA"
"Love Happens","Drama, Romance","USA, Canada, UK"
"127 Hours","Adventure, Biography, Drama, Thriller","USA, UK, France"
"Love the Coopers","Comedy, Fantasy, Romance","USA"
"Steve Jobs","Biography, Drama","UK, USA"
"Youth in Revolt","Comedy, Drama, Romance","USA"
"And So It Goes","Comedy, Drama, Romance","USA"
"The Last Station","Biography, Drama, Romance","UK, Germany, Russia"
"Labor Day","Drama, Romance","USA"
"Mao's Last Dancer","Biography, Drama, Music","Australia"
"Midnight Special","Action, Drama, Mystery","USA, Greece"
"The Railway Man","Biography, Drama, Romance, War","Switzerland, UK, Australia"
"The White Ribbon","Drama, History, Mystery","Germany, Austria, France, Italy"
"Restoration","Biography, Drama, History","USA, UK"
"Metallica Through the Never","Music","USA"
"The Informers","Crime, Drama, Thriller","Germany, USA"
"Red Lights","Drama, Fantasy, Horror, Mystery, Thriller","Spain, USA"
"Wolves","Action, Fantasy, Horror, Thriller","France, Canada"
"Black Nativity","Drama, Family, Music, Musical","USA"
"Let's Be Cops","Comedy, Crime","USA"
"The Best Man Holiday","Comedy, Drama","USA"
"Beastly","Drama, Fantasy, Romance","USA"
"McFarland, USA","Biography, Drama, Sport","USA"
"Lottery Ticket","Comedy","USA"
"Pitch Perfect","Comedy, Music, Romance","USA"
"Brooklyn's Finest","Crime, Drama, Thriller","USA"
"My Life in Ruins","Comedy, Romance","USA, Spain"
"Escobar: Paradise Lost","Crime, Drama, History, Romance, Thriller","France, Spain, Belgium, Panama"
"The Apparition","Horror, Thriller","USA, Germany"
"The Artist","Comedy, Drama, Romance","France, USA, Belgium"
"Moonrise Kingdom","Adventure, Comedy, Drama","USA"
"The Young Messiah","Drama, Fantasy","USA"
"The Roommate","Drama, Thriller","USA"
"Vicky Cristina Barcelona","Drama, Romance","Spain, USA"
"Jennifer's Body","Comedy, Horror","USA"
"Remember Me","Drama, Romance","USA"
"The Immigrant","Drama, Romance","USA"
"Trance","Crime, Drama, Mystery, Thriller","UK, USA, France"
"Trance","Crime, Drama, Mystery, Thriller","UK, USA, France"
"Good","Drama, Romance","USA"
"Enter the Void","Drama, Fantasy","France, Germany, Italy, Canada"
"Vamps","Comedy, Horror, Romance","USA"
"The Homesman","Drama, Western","USA, France"
"The King's Speech","Biography, Drama, History","UK, USA, Australia"
"The Yellow Handkerchief","Drama, Romance","USA"
"The Imitation Game","Biography, Drama, Thriller, War","USA"
"Diary of a Wimpy Kid","Comedy, Family","USA, UK"
"Mama","Horror, Thriller","Canada, Spain"
"The Woman in Black","Drama, Fantasy, Horror, Thriller","UK, Canada, Sweden"
"Snitch","Action, Drama, Thriller","USA, United Arab Emirates"
"Snitch","Action, Drama, Thriller","USA, United Arab Emirates"
"Krampus","Action, Comedy, Fantasy, Horror","USA"
"End of Watch","Action, Crime, Drama, Thriller","USA"
"The Theory of Everything","Biography, Drama, Romance","UK, Japan, USA"
"Halloween II","Horror","USA"
"Halloween II","Horror","USA"
"Drive","Crime, Drama","USA"
"When the Game Stands Tall","Drama, Family, Sport","USA"
"All About Steve","Comedy, Romance","USA"
"Ramona and Beezus","Adventure, Comedy, Family, Fantasy","USA"
"Keanu","Action, Comedy, Crime, Drama","USA"
"Country Strong","Drama, Music","USA"
"The Place Beyond the Pines","Crime, Drama, Thriller","USA"
"The November Man","Action, Crime, Thriller","USA, UK"
"The Hurt Locker","Drama, Thriller, War","USA"
"Killing Them Softly","Crime, Thriller","USA"
"A Most Wanted Man","Crime, Drama, Thriller","UK, USA, Germany"
"One Day","Drama, Romance","USA, UK"
"Whip It","Drama, Sport","USA"
"The Man with the Iron Fists","Action","USA, Hong Kong"
"In Bruges","Comedy, Crime, Drama","UK, USA"
"The Rocker","Comedy, Music","USA"
"Post Grad","Comedy, Romance","USA"
"Promised Land","Drama","USA, United Arab Emirates"
"Whatever Works","Comedy, Romance","USA, France"
"You Will Meet a Tall Dark Stranger","Comedy, Drama, Romance","USA, Spain"
"Never Let Me Go","Drama, Romance, Sci-Fi","UK, USA"
"Transsiberian","Crime, Drama, Mystery, Thriller","UK, Germany, Spain, Lithuania"
"The Assassin","Action, Drama, History","Taiwan, China, Hong Kong, France"
"Centurion","Action, Adventure, Drama, History, Thriller, War","UK, France, USA"
"Winnie Mandela","Biography, Drama, History","South Africa, Canada"
"The Son of No One","Action, Crime, Drama, Thriller","USA"
"Khumba","Animation, Adventure, Family","South Africa"
"Magic Mike XXL","Comedy, Drama, Music","USA"
"Sarah's Key","Drama, War","France"
"Slumdog Millionaire","Drama, Romance","UK, USA, France, Germany, India"
"The Iron Lady","Biography, Drama","UK, France"
"A Perfect Getaway","Adventure, Mystery, Thriller","USA"
"Our Family Wedding","Comedy, Romance","USA"
"Fun Size","Adventure, Comedy","USA"
"Easy Virtue","Comedy, Romance","UK, Canada"
"Mr. Turner","Biography, Drama, History","UK, France, Germany"
"Wild Grass","Drama, Romance","France, Italy"
"The Lucky Ones","Comedy, Drama, War","USA"
"Margaret","Drama","USA"
"Flipped","Comedy, Drama, Romance","USA"
"Hot Tub Time Machine 2","Comedy, Sci-Fi","USA"
"Seven Psychopaths","Comedy, Crime","UK"
"Under the Skin","Drama, Horror, Sci-Fi, Thriller","Switzerland, Poland, UK, USA"
"The Last Godfather","Comedy","South Korea, USA"
"Justin Bieber: Never Say Never","Documentary, Music","USA"
"Black Swan","Drama, Thriller","USA"
"Miracles from Heaven","Biography, Drama, Family","USA"
"St. Vincent","Comedy, Drama","USA"
"The Shallows","Drama, Horror, Thriller","USA"
"No Good Deed","Crime, Drama, Thriller","USA"
"Ex Machina","Drama, Mystery, Sci-Fi, Thriller","UK"
"Earth to Echo","Adventure, Family, Sci-Fi","USA"
"Room","Drama, Thriller","Ireland, Canada, UK, USA"
"Room","Drama, Thriller","Ireland, Canada, UK, USA"
"Admission","Comedy, Drama, Romance","USA"
"Chloe","Drama, Mystery, Romance","USA, Canada, France"
"The Perks of Being a Wallflower","Drama, Romance","USA"
"The Vatican Tapes","Horror, Thriller","USA"
"Attack the Block","Action, Comedy, Sci-Fi, Thriller","UK, France"
"In the Land of Blood and Honey","Drama, Romance, War","USA"
"The Call","Crime, Horror, Thriller","USA"
"Operation Chromite","Action, Drama, History","South Korea"
"The Killer Inside Me","Crime, Drama, Thriller","UK, Sweden, Canada, USA"
"Sorority Row","Horror, Mystery","USA"
"The Boy in the Striped Pajamas","Drama, War","UK, USA"
"Solitary Man","Comedy, Drama, Romance","USA"
"Machete","Action, Crime, Thriller","USA"
"Casino Jack","Biography, Comedy, Crime","Canada"
"The Perfect Game","Comedy, Drama, Family, Sport","Canada, USA, Mexico"
"Ernest & Celestine","Short","Canada"
"Think Like a Man","Comedy, Romance","USA"
"Act of Valor","Action, Adventure, Drama, Thriller, War","USA"
"Project X","Comedy, Drama","USA"
"Quarantine","Horror, Sci-Fi, Thriller","USA"
"The Eye","Horror, Mystery, Thriller","USA, Canada"
"Katy Perry: Part of Me","Documentary, Music","USA"
"Top Five","Comedy, Romance","USA"
"Philomena","Biography, Drama","UK, USA, France"
"Paper Towns","Comedy, Drama, Mystery, Romance","USA"
"Nebraska","Adventure, Comedy, Drama","USA"
"Young Adult","Comedy, Drama","USA"
"Just Wright","Comedy, Romance, Sport","USA"
"Rachel Getting Married","Drama, Romance","USA"
"About Time","Comedy, Drama, Fantasy","UK"
"Arbitrage","Drama, Thriller","USA, Poland"
"Project Almanac","Drama, Mystery, Sci-Fi, Thriller","USA"
"Cadillac Records","Biography, Drama, Music","USA"
"Two Lovers","Drama, Romance","USA, France"
"The Great Beauty","Drama","Italy, France"
"Stoker","Drama, Thriller","UK, USA"
"Ondine","Drama, Mystery, Romance","Ireland, USA"
"Darling Companion","Comedy, Drama, Romance","USA"
"City of Life and Death","Drama, History, War","China, Hong Kong"
"5 Days of War","Action, Drama, War","Georgia, USA"
"10 Days in a Madhouse","Drama","USA"
"Dirty Grandpa","Comedy","USA"
"Trash","Adventure, Crime, Drama","UK, Brazil, Germany"
"High School Musical 3: Senior Year","Comedy, Drama, Family, Music, Musical, Romance","USA"
"The Fighter","Biography, Drama, Sport","USA"
"If I Stay","Drama, Fantasy, Music, Romance","USA"
"Saw VI","Horror, Mystery, Thriller","Canada, USA, UK, Australia"
"The Secret Life of Bees","Drama","USA"
"Brooklyn","Drama, Romance","UK, Canada, Ireland, Belgium"
"Quartet","Comedy, Drama","UK"
"Woman in Gold","Biography, Drama, History","UK"
"Inside Llewyn Davis","Drama, Music","USA, UK, France"
"Brighton Rock","Crime, Drama, Thriller","UK"
"Saw V","Horror, Mystery, Thriller","USA, Canada"
"The Last Days on Mars","Horror, Sci-Fi, Thriller","UK, Ireland"
"Housefull","Comedy","India"
"The Purge: Election Year","Action, Horror, Sci-Fi, Thriller","USA, Japan"
"The Best Exotic Marigold Hotel","Comedy, Drama, Romance","UK, USA, United Arab Emirates"
"Devil","Horror, Mystery, Thriller","USA"
"Nick and Norah's Infinite Playlist","Comedy, Drama, Music, Romance","USA"
"Pete's Dragon","Action, Adventure, Comedy, Family, Fantasy","USA"
"Sinister 2","Horror, Mystery, Thriller","USA, UK"
"The Fourth Kind","Mystery, Sci-Fi, Thriller","USA, UK"
"Skyline","Action, Sci-Fi, Thriller","USA"
"The Second Best Exotic Marigold Hotel","Comedy, Drama","UK, USA"
"Kit Kittredge: An American Girl","Drama, Family","USA, Canada"
"Mud","Drama","USA"
"The Goods: Live Hard, Sell Hard","Comedy","USA"
"My Week with Marilyn","Biography, Drama","UK, USA"
"The Gift","Drama, Mystery, Thriller","USA, Australia, China"
"The Gift","Drama, Mystery, Thriller","USA, Australia, China"
"Big Eyes","Biography, Crime, Drama, Romance","USA, Canada"
"MacGruber","Action, Comedy, Romance","USA"
"Movie 43","Comedy, Horror, Thriller","USA"
"Over Her Dead Body","Comedy, Fantasy, Romance","USA"
"Seeking a Friend for the End of the World","Adventure, Comedy, Drama, Romance, Sci-Fi","USA"
"Cedar Rapids","Comedy","USA"
"The Collection","Horror, Thriller","USA"
"Bad Words","Comedy, Drama","USA"
"Black or White","Drama","USA"
"Danny Collins","Biography, Comedy, Drama, Music","USA"
"Jeff, Who Lives at Home","Comedy, Drama","USA"
"I Am Love","Drama, Romance","Italy"
"Bucky Larson: Born to Be a Star","Comedy","USA"
"The Forest","Horror, Mystery, Thriller","USA"
"While We're Young","Comedy, Drama, Mystery","USA"
"A Better Life","Drama, Romance","USA"
"Killer Joe","Crime, Drama, Thriller","USA"
"The Joneses","Drama","USA"
"War, Inc.","Action, Comedy, Thriller","USA"
"Rosewater","Biography, Drama","USA"
"Coriolanus","Drama, Thriller, War","UK"
"World's Greatest Dad","Comedy, Drama","USA"
"Welcome to the Rileys","Drama","UK, USA"
"Blood Done Sign My Name","Drama","USA"
"Elsa & Fred","Short, Comedy, Drama","Finland"
"The Open Road","Comedy, Drama","USA"
"The Good Guy","Comedy, Romance","USA"
"Motherhood","Comedy, Drama","USA"
"Free Style","Drama","Canada, USA, Germany"
"Strangerland","Drama, Mystery, Thriller","Ireland, Australia"
"The Oxford Murders","Crime, Mystery, Thriller","Spain, UK, France"
"Of Horses and Men","Comedy, Drama, Romance","Iceland, Germany, Norway"
"The Good, the Bad, the Weird","Action, Adventure, Western","South Korea"
"Adventureland","Comedy, Drama, Romance","USA"
"Amour","Drama, Romance","Austria, France, Germany"
"Gentlemen Broncos","Adventure, Comedy, Sci-Fi","USA"
"Kites","Action, Drama, Romance, Thriller","India"
"Melancholia","Drama, Sci-Fi","Denmark, Sweden, France, Germany"
"The Runaways","Biography, Drama, Music","USA"
"Loose Cannons","Comedy, Drama, Romance","Italy"
"The Purge: Anarchy","Action, Horror, Sci-Fi, Thriller","USA, France"
"Hamlet 2","Comedy, Music","USA"
"Princess Kaiulani","Drama","USA, UK"
"The Girl on the Train","Crime, Drama, Mystery, Thriller","USA"
"Polisse","Crime, Drama","France"
"Skin Trade","Action, Crime, Thriller","Thailand, Canada, USA"
"Crazy Heart","Drama, Music, Romance","USA"
"Baggage Claim","Comedy","USA"
"The DUFF","Comedy, Romance","USA"
"Bright Star","Biography, Drama, Romance","UK, Australia, France"
"All Is Lost","Action, Adventure, Drama","USA"
"Yeh Jawaani Hai Deewani","Comedy, Drama, Musical","India"
"Nightcrawler","Crime, Drama, Thriller","USA"
"50/50","Comedy, Drama, Romance","USA"
"Shutter","Horror, Mystery, Thriller","Thailand"
"That Awkward Moment","Comedy, Romance","USA"
"Kicks","Adventure, Drama","USA"
"New in Town","Comedy, Romance","USA, Canada"
"The Boondock Saints II: All Saints Day","Action, Crime, Thriller","USA"
"The City of Your Final Destination","Drama, Romance","USA"
"Enough Said","Comedy, Drama, Romance","USA"
"Easy A","Comedy, Drama, Romance","USA"
"Prom","Comedy, Drama, Family","USA"
"Anomalisa","Animation, Comedy, Drama, Romance","USA, UK"
"Another Year","Comedy, Drama","UK"
"It's Kind of a Funny Story","Comedy, Drama, Romance","USA"
"Made in Dagenham","Biography, Comedy, Drama, History","UK"
"The Secret of Kells","Animation, Adventure, Family, Fantasy","France, Belgium, Ireland"
"Begin Again","Comedy, Drama, Music, Romance","USA"
"Restless","Drama, Romance","USA"
"Wild Target","Action, Comedy, Crime","UK, France"
"Pathology","Crime, Horror, Thriller","USA"
"Aloft","Drama","Spain, Canada, France"
"My Lucky Star","Action, Adventure, Comedy","China"
"Mr. Church","Comedy, Drama","USA"
"Far from Men","Drama, War, Western","France"
"An Education","Drama","UK, USA"
"Witless Protection","Comedy, Crime","USA"
"Extract","Comedy, Crime, Romance","USA"
"Albert Nobbs","Drama, Romance","UK, Ireland, France, USA"
"Black November","Action, Crime, Drama","Nigeria, USA"
"The Wave","Drama, Thriller","Germany"
"The Neon Demon","Horror, Thriller","Denmark, France, USA, UK"
"Harry Brown","Action, Crime, Drama","UK"
"Magic Mike","Comedy, Drama","USA"
"Definitely, Maybe","Comedy, Drama, Romance","UK, France, Germany, USA"
"Jumping the Broom","Comedy, Drama","USA"
"Devil's Due","Horror, Mystery, Thriller","USA"
"Dope","Comedy, Crime, Drama","USA"
"A Serious Man","Comedy, Drama","USA, UK, France"
"Get Low","Drama, Mystery","USA, Germany, Poland"
"Beyond the Lights","Drama, Music, Romance","USA"
"A Single Man","Drama, Romance","USA"
"Redbelt","Drama, Sport","USA"
"Cyrus","Comedy, Drama, Romance","USA"
"We Need to Talk About Kevin","Drama, Mystery, Thriller","UK, USA"
"The Christmas Candle","Drama, Family","UK, USA"
"The Mighty Macs","Drama, Sport","USA"
"Mother and Child","Drama, Romance","USA, Spain"
"Somewhere","Comedy, Drama","USA, UK, Italy, Japan"
"I Hope They Serve Beer in Hell","Comedy","USA"
"Hesher","Comedy, Drama","USA"
"Dom Hemingway","Comedy, Crime, Drama","UK"
"Freeheld","Biography, Drama, Romance","USA"
"The Extra Man","Comedy","France, USA"
"Hard to Be a God","Drama, Sci-Fi","Russia"
"Ca$h","Comedy, Crime, Thriller","USA"
"Perrier's Bounty","Action, Comedy, Crime","Ireland, UK"
"Annabelle","Horror, Mystery, Thriller","USA"
"Bran Nue Dae","Comedy, Drama, Musical","Australia"
"Shame","Drama","UK"
"The East","Adventure, Drama, Thriller","UK, USA"
"The Messenger","Drama, Romance, War","USA"
"The Damned United","Biography, Drama, Sport","UK"
"The Wrestler","Drama, Sport","USA, France"
"Bernie","Biography, Comedy, Crime","USA"
"The Words","Drama, Mystery, Romance, Thriller","USA"
"City Island","Comedy, Drama","USA"
"The Guard","Comedy, Crime, Thriller","Ireland"
"College","Comedy","USA"
"Miss March","Comedy, Romance","USA"
"Wish I Was Here","Comedy, Drama","USA"
"The Wackness","Comedy, Drama, Romance","UK, USA"
"The 5th Quarter","Biography, Drama, Sport","USA"
"Snow Flower and the Secret Fan","Drama, History","China, USA"
"Surfer, Dude","Comedy","USA"
"Don McKay","Drama, Mystery, Thriller","USA"
"Deadfall","Crime, Drama, Thriller","France, USA"
"Song One","Drama, Music","USA"
"Trade of Innocents","Drama, Thriller","USA, Thailand"
"Khiladi 786","Action, Comedy, Musical","India"
"[Rec] 2","Horror, Thriller","Spain"
"Standing Ovation","Musical","USA"
"Don Jon","Comedy, Drama, Romance","USA"
"Le Havre","Comedy, Drama","Finland, France, Germany"
"R100","Comedy, Drama","Japan"
"Salvation Boulevard","Action, Comedy, Drama","USA"
"Headhunters","Crime, Drama, Thriller","Norway, Sweden, Denmark, Germany"
"Miss Julie","Drama, Romance","Norway, UK, France, Ireland"
"Dum Maaro Dum","Action, Crime, Drama","India"
"10 Cloverfield Lane","Drama, Horror, Mystery","USA"
"Lights Out","Horror","USA"
"Paranormal Activity 3","Horror","USA"
"Ouija","Horror, Thriller","Japan, USA"
"Instructions Not Included","Comedy, Drama","Mexico"
"Paranormal Activity 4","Horror","USA"
"Paranormal Activity: The Marked Ones","Horror, Thriller","USA"
"Dallas Buyers Club","Biography, Drama","USA"
"The Lazarus Effect","Horror, Mystery, Sci-Fi, Thriller","USA"
"Oculus","Horror, Mystery","USA"
"Our Idiot Brother","Comedy, Drama","USA"
"Race","Biography, Drama, Sport","Canada, Germany, France"
"Addicted","Drama, Thriller","USA"
"Still Alice","Drama","USA, UK, France"
"Spring Breakers","Crime, Drama","USA"
"The Haunting of Molly Hartley","Drama, Horror, Thriller","USA"
"Apollo 18","Horror, Mystery, Sci-Fi, Thriller","USA, Canada"
"Sunshine Cleaning","Comedy, Drama","USA"
"No Escape","Action, Thriller","USA"
"No Escape","Action, Thriller","USA"
"Fifty Shades of Black","Comedy","USA"
"Not Easily Broken","Drama, Romance","USA"
"The Perfect Match","Comedy, Romance","USA"
"Moon","Drama, Mystery, Sci-Fi","UK"
"Sea Rex 3D: Journey to a Prehistoric World","Documentary","UK, France"
"Of Gods and Men","Drama, History","France"
"Bottle Shock","Comedy, Drama","USA"
"90 Minutes in Heaven","Drama","USA"
"Everything Must Go","Comedy, Drama","USA"
"Kill the Messenger","Biography, Crime, Drama, Mystery, Thriller","USA"
"Rabbit Hole","Drama","USA"
"Green Room","Horror, Thriller","USA"
"Standard Operating Procedure","Documentary, Crime, War","USA"
"Lovely, Still","Drama, Romance","USA"
"The Visit","Comedy, Horror, Mystery, Thriller","USA"
"Area 51","Horror, Sci-Fi, Thriller","USA"
"Rudderless","Comedy, Drama, Music","USA"
"Christmas Eve","Comedy","USA"
"Soul Kitchen","Comedy, Drama","Germany, France, Italy"
"The Awakening","Horror, Thriller","UK"
"Take Shelter","Drama, Horror, Thriller","USA"
"Only God Forgives","Crime, Drama","Denmark, France, USA, Sweden"
"The Names of Love","Comedy, Drama, Romance","France"
"Moms' Night Out","Comedy","USA"
"Saving Private Perez","Adventure, Comedy, Western","Mexico"
"Life During Wartime","Comedy, Drama","USA"
"Mozart's Sister","Biography, Drama, Music, Romance","France"
"Blackthorn","Action, Adventure, Western","Spain, France, Bolivia, UK"
"After.Life","Drama, Horror, Mystery","USA"
"Falcon Rising","Action, Adventure","USA"
"The Sweeney","Action, Crime, Drama","UK"
"Easy Money","Action, Crime, Drama","Sweden, Germany, Denmark, France"
"Paa","Comedy","Denmark"
"Maggie","Drama, Horror","USA, Switzerland"
"The Boy Next Door","Drama, Horror, Romance, Thriller","USA"
"The Kids Are All Right","Comedy, Drama, Romance","USA"
"The Last Exorcism Part II","Drama, Horror, Thriller","France, USA"
"Boyhood","Drama","USA"
"A Haunted House 2","Comedy, Fantasy","USA"
"Red State","Action, Crime, Horror, Thriller","USA"
"Samsara","Documentary, Music","USA, Indonesia, Singapore, Thailand, Kenya, Denmark, Brazil, Jordan, United Arab Emirates, Saudi Arabia, South Africa, Italy, Ghana, Egypt, China, Japan"
"The Art of Getting By","Drama, Romance","USA"
"Holy Motors","Drama, Fantasy","France, Germany"
"Joe","Crime, Drama","USA"
"Trust","Crime, Drama, Thriller","USA"
"Adore","Drama, Romance","Australia, France"
"Stake Land","Drama, Horror, Sci-Fi","USA"
"Futuro Beach","Drama, Romance","Brazil, Germany"
"Another Happy Day","Comedy, Drama","USA"
"Inescapable","Action, Drama, Mystery","Canada, South Africa"
"Desert Dancer","Biography, Drama","UK, United Arab Emirates, Romania, Morocco"
"Down for Life","Drama","USA"
"Four Lions","Comedy, Crime, Drama","UK, France"
"Defendor","Comedy, Crime, Drama","Canada, USA, UK"
"The Good Heart","Comedy, Drama","Iceland, Denmark, USA, France, Germany"
"The Witch","Horror, Mystery","USA, UK, Canada"
"The Secret in Their Eyes","Drama, Mystery, Romance","Argentina, Spain"
"Trollhunter","Drama, Fantasy, Horror","Norway"
"The Masked Saint","Action, Biography, Crime","Canada"
"Time to Choose","Documentary","USA"
"Margin Call","Drama, Thriller","USA"
"August","Drama","USA"
"Choke","Comedy, Drama","USA"
"Whiplash","Drama, Music","USA"
"The Hunt","Drama","Denmark, Sweden"
"The Class","Drama","France"
"Adam","Comedy, Drama, Romance","USA"
"Beginners","Comedy, Drama, Romance","USA"
"Paranormal Activity 2","Horror","USA"
"Coming Home","Drama, Romance, War","USA"
"The Purge","Horror, Thriller","USA, France"
"Sinister","Horror, Mystery, Thriller","USA, UK"
"Slow West","Adventure, Western","UK, New Zealand"
"Next Day Air","Action, Comedy, Crime","USA"
"Before Midnight","Drama, Romance","USA, Greece"
"Please Give","Comedy, Drama","USA"
"Frances Ha","Comedy, Drama, Romance","USA, Brazil"
"Tusk","Comedy, Drama, Horror","USA"
"Letters to God","Drama, Family","USA"
"Compadres","Action, Comedy, Crime","Mexico"
"Fish Tank","Drama","UK, Netherlands"
"Damsels in Distress","Comedy, Drama, Romance","USA"
"Bachelorette","Comedy, Romance","USA"
"Fort McCoy","Drama, History, War","USA"
"Chain Letter","Horror, Thriller","USA"
"The Eclipse","Drama, Horror, Romance","Ireland"
"Tanner Hall","Drama, Romance","USA"
"Freakonomics","Documentary","USA"
"Ida","Drama","Poland, Denmark, France, UK"
"A Haunted House","Comedy, Fantasy","USA"
"Kevin Hart: Let Me Explain","Documentary, Comedy","USA"
"Robot & Frank","Comedy, Crime, Drama","USA"
"The Spectacular Now","Comedy, Drama, Romance","USA"
"Religulous","Documentary, Comedy, War","USA"
"Fuel","Documentary","USA"
"8: The Mormon Proposition","Documentary","USA"
"The Other End of the Line","Comedy, Drama, Romance","UK, USA, India"
"Sleep Dealer","Drama, Romance, Sci-Fi","USA, Mexico"
"Super","Action, Comedy, Drama","USA"
"Redemption Road","Drama","USA"
"The Calling","Drama, Thriller","USA, Canada, UK"
"The Calling","Drama, Thriller","USA, Canada, UK"
"Do You Believe?","Drama","USA"
"Eden","Crime, Drama","USA"
"Mi America","Crime, Drama","USA"
"It Follows","Horror, Mystery","USA"
"Silent House","Drama, Horror, Mystery, Thriller","France, USA"
"Courageous","Drama","USA"
"Winter's Bone","Drama, Mystery","USA"
"Inside Job","Documentary, Crime","USA"
"We Are Your Friends","Drama, Music, Romance","UK, France, USA"
"Waltz with Bashir","Animation, Biography, Drama, History, War","Israel, France, Germany, USA, Finland, Switzerland, Belgium, Australia"
"The Diary of a Teenage Girl","Comedy, Drama, Romance","USA"
"Meek's Cutoff","Drama, Western","USA"
"The Virginity Hit","Comedy","USA"
"Saint John of Las Vegas","Comedy, Drama","USA"
"Stonewall","Drama","USA"
"Roadside Romeo","Animation, Adventure, Comedy","India, USA"
"The Missing Person","Drama","USA"
"Circle","Drama, Mystery, Sci-Fi, Thriller","USA"
"Eden Lake","Horror, Thriller","UK"
"Plush","Drama, Music, Thriller","USA"
"Gangster's Paradise: Jerusalema","Action, Crime, Drama","South Africa"
"The Ghastly Love of Johnny X","Comedy, Fantasy, Musical","USA"
"Buried","Drama, Mystery, Thriller","Spain, UK, USA, France"
"Submarine","Comedy, Drama, Romance","UK, USA"
"The Square","Comedy, Drama","Sweden, Germany, France, Denmark"
"The Square","Comedy, Drama","Sweden, Germany, France, Denmark"
"ABCD (Any Body Can Dance)","Drama, Musical","India"
"Man on Wire","Documentary, Biography","UK, USA"
"Brotherly Love","Drama","USA"
"The Last Exorcism","Drama, Horror, Thriller","France, USA"
"Nowhere Boy","Biography, Drama, Music","UK, Canada"
"Beasts of the Southern Wild","Adventure, Drama, Fantasy","USA"
"Higher Ground","Drama","USA"
"A Beginner's Guide to Snuff","Comedy, Horror, Thriller","USA"
"Dysfunctional Friends","Comedy, Drama","USA"
"I Spit on Your Grave","Horror, Thriller","USA"
"The Lunchbox","Drama, Romance","India, France, Germany, USA, Canada"
"Grace Unplugged","Drama, Music","USA"
"Cabin Fever","Horror","USA"
"Insidious","Horror, Mystery, Thriller","USA, Canada, UK"
"The Gatekeepers","Documentary, History, War","Israel, France"
"Unsullied","Action, Horror, Thriller","USA"
"Road Hard","Comedy","USA"
"Amigo","Drama, War","USA"
"Pontypool","Fantasy, Horror, Thriller","Canada"
"Trucker","Drama","USA"
"Me You and Five Bucks","Comedy, Drama, Romance","USA"
"The Lords of Salem","Horror, Thriller","USA, UK, Canada"
"Growing Up Smith","Comedy, Drama, Family","USA"
"The Blue Room","Crime, Romance, Thriller","France"
"Filly Brown","Drama, Music","USA"
"The Amazing Catfish","Comedy, Drama","Mexico, France"
"Home Run","Drama, Sport","USA"
"The Second Mother","Comedy, Drama","Brazil"
"Blue Like Jazz","Comedy, Drama","USA"
"Pink Ribbons, Inc.","Documentary","Canada"
"Beyond the Black Rainbow","Horror, Sci-Fi, Thriller","Canada"
"The Raid: Redemption","Action, Thriller","Indonesia, France, USA"
"Unfriended","Horror, Mystery","USA"
"Chernobyl Diaries","Horror, Mystery, Thriller","USA"
"God's Not Dead 2","Drama","USA"
"Blue Valentine","Drama, Romance","USA"
"The Devil Inside","Horror","USA"
"Shine a Light","Documentary, Biography, Music","USA"
"The Green Inferno","Adventure, Horror, Thriller","USA, Chile, Canada, Spain"
"The Sessions","Biography, Comedy, Drama, Romance","USA"
"Food, Inc.","Documentary","USA"
"October Baby","Drama","USA"
"The Skeleton Twins","Comedy, Drama, Romance","USA"
"Martha Marcy May Marlene","Drama, Mystery, Thriller","USA"
"Obvious Child","Comedy, Drama, Romance","USA"
"Frozen River","Crime, Drama","USA"
"20 Feet from Stardom","Documentary, Music","USA"
"Palo Alto","Drama","USA"
"Ajami","Crime, Drama","Germany, Israel"
"I Origins","Drama, Romance, Sci-Fi","USA"
"Antarctica: A Year on Ice","Documentary, Adventure, Biography, Drama","New Zealand"
"Hardflip","Action, Drama","USA"
"The House of the Devil","Horror","USA"
"The Perfect Host","Comedy, Crime, Thriller","USA"
"Creative Control","Drama, Sci-Fi","USA"
"Childless","Drama","USA"
"L!fe Happens","Comedy","USA, Canada"
"Circumstance","Drama","France, USA, Iran"
"Fruitvale Station","Biography, Drama, Romance","USA"
"The Brass Teapot","Comedy, Fantasy, Thriller","USA"
"Windsor Drive","Mystery, Thriller","USA"
"A Separation","Crime, Drama, Family, Mystery","Iran, France"
"Not Cool","Comedy, Drama, Romance","USA"
"Dead Snow","Comedy, Horror","Norway"
"Safety Not Guaranteed","Comedy, Drama, Romance","USA"
"Kevin Hart: Laugh at My Pain","Documentary, Comedy","USA"
"Kill List","Crime, Drama, Horror, Thriller","UK"
"The Innkeepers","Drama, Horror, Mystery","USA"
"Donkey Punch","Crime, Drama, Horror","UK"
"The Sisterhood of Night","Drama, Mystery, Thriller","USA"
"Escape from Tomorrow","Drama, Fantasy, Horror, Sci-Fi","USA"
"After","Drama, Fantasy, Mystery, Thriller","USA"
"Water & Power","Drama, Romance","Canada, India"
"They Will Have to Kill Us First","Documentary","UK"
"The Harvest/La Cosecha","Documentary","USA"
"Fireproof","Drama, Romance","USA"
"Faith Connections","Documentary, Biography, Drama","India, France"
"To Save a Life","Drama","USA"
"Sholem Aleichem: Laughing in the Darkness","Documentary","USA"
"Drinking Buddies","Comedy, Drama, Romance","USA"
"Deceptive Practice: The Mysteries and Mentors of Ricky Jay","Documentary","USA"
"The Other Dream Team","Documentary, Sport","USA, Lithuania"
"Rubber","Comedy, Horror","France, Angola"
"Monsters","Drama, Sci-Fi, Thriller","UK"
"Detention of the Dead","Comedy, Horror","USA"
"Good Kill","Drama, Thriller, War","USA"
"Born to Fly: Elizabeth Streb vs. Gravity","Documentary, Action, Biography","USA, UK"
"Blue Ruin","Crime, Drama, Thriller","USA, France"
"I Want Your Money","Documentary","USA"
"What Happens in Vegas","Comedy, Romance","USA"
"Censored Voices","Documentary, History","Israel, Germany"
"My Dog Tulip","Animation, Drama","USA"
"Dogtooth","Drama, Horror, Thriller","Greece"
"Wendy and Lucy","Drama","USA"
"3 Backyards","Drama","USA"
"Royal Kill","Action, Thriller","USA"
"The Looking Glass","Drama, Music","USA"
"Locker 13","Thriller","USA"
"Compliance","Biography, Crime, Drama, Thriller","USA"
"Like Crazy","Drama, Romance","USA"
"The Canyons","Drama, Thriller","USA"
"Along the Roadside","Comedy, Music, Romance","USA"
"Bronson","Action, Biography, Crime","UK"
"Burn","Documentary","USA"
"The Grace Card","Drama","USA"
"Call + Response","Documentary, History, Music","USA"
"Baghead","Comedy, Drama, Horror","USA"
"Solitude","Drama","USA"
"Good Dick","Comedy, Drama, Romance","USA"
"Butterfly Girl","Documentary","USA"
"Another Earth","Drama, Romance, Sci-Fi","USA"
"Top Spin","Documentary","USA"
"Sound of My Voice","Drama, Mystery, Sci-Fi, Thriller","USA"
"Your Sister's Sister","Comedy, Drama","USA"
"The Birth of a Nation","Drama, History, War","USA"
"The Gallows","Horror, Thriller","USA"
"Cheap Thrills","Comedy, Crime, Drama, Horror, Thriller","USA"
"The Past is a Grotesque Animal","Documentary, Biography, Music","USA"
"The FP","Comedy","USA"
"Happy Christmas","Comedy, Drama","USA"
"Supporting Characters","Comedy","USA"
"Tiny Furniture","Comedy, Drama, Romance","USA"
"Counting","Documentary","USA"
"The Signal","Sci-Fi, Thriller","USA"
"Dawn of the Crescent Moon","Drama, Sci-Fi, Thriller","USA"
"The Exploding Girl","Drama","USA"
"Down Terrace","Crime, Drama","UK"
"Rampage","Action, Adventure, Sci-Fi","USA"
"Breaking Upwards","Romance","USA"
"Newlyweds","Comedy, Drama","USA"
"Shanghai Calling","Comedy, Drama, Romance","USA, China"
